{
  "epoch": [
    1,
    2,
    3,
    4,
    5,
    6,
    7,
    8,
    9,
    10
  ],
  "train_loss": [
    10.224859158992768,
    6.485450874567032,
    3.2596286195516586,
    1.4793932692706584,
    0.5352202226966619,
    0.23608835002407433,
    0.14320469863712787,
    0.11714350857771932,
    0.10183802009560168,
    0.09789393149316311
  ],
  "val_loss": [
    9.128962440490723,
    4.131673188209533,
    2.088262619972229,
    0.6214856904745102,
    0.22204358100891114,
    0.10968660496175289,
    0.07011670276522636,
    0.0710662192106247,
    0.06378756403923035,
    0.06717729181051255
  ],
  "lr": [
    1e-05,
    9.698463103929542e-06,
    8.83022221559489e-06,
    7.500000000000001e-06,
    5.8682408883346535e-06,
    4.131759111665349e-06,
    2.5000000000000015e-06,
    1.1697777844051105e-06,
    3.015368960704584e-07,
    0.0
  ],
  "train_val_gap": [
    0.8928203605094938,
    0.6370679954437807,
    0.6406443382680376,
    0.4200949831148704,
    0.4148639599045105,
    0.46459982015448015,
    0.4896257136289772,
    0.606659473268854,
    0.6263629632562474,
    0.6862252928845154
  ]
}