Model,Type,Accuracy,F1-Score,Precision,Recall
BLIP-2,Vision-LLM,0.9680968096809681,0.9791085918761161,0.9764907579514321,0.9853914908212371
LLaVA-1.5,Vision-LLM,0.6072607260726073,0.4440398459363202,0.45181825378876433,0.4522082895206734
ViT-Small,Transformer Baseline,0.47634763476347636,0.30602074964205084,0.31395168048815486,0.3034701845257934
ResNet50,CNN Baseline,0.44554455445544555,0.29088427301394587,0.3093624540769455,0.2856732388237792
