{
  "model": "llava-1.5-improved-classifier",
  "accuracy": 0.6072607260726073,
  "f1_score": 0.4440398459363202,
  "f1_weighted": 0.6133665652170261,
  "precision": 0.45181825378876433,
  "recall": 0.4522082895206734,
  "best_epoch": 112
}