{
  "model": "llava-rafce-final",
  "num_samples": 200,
  "accuracy": 0.205,
  "f1_score": 0.11409537618808725,
  "precision": 0.239928775536716,
  "recall": 0.16709947522765858,
  "rouge1": 0.3669763308271651,
  "rouge2": 0.21417490259493607,
  "rougeL": 0.3460333896773274
}