{
  "happily surprised": {
    "precision": 0.8454545454545455,
    "recall": 0.7380952380952381,
    "f1-score": 0.788135593220339,
    "support": 126.0
  },
  "happily disgusted": {
    "precision": 0.72,
    "recall": 0.6666666666666666,
    "f1-score": 0.6923076923076923,
    "support": 54.0
  },
  "sadly fearful": {
    "precision": 0.5192307692307693,
    "recall": 0.75,
    "f1-score": 0.6136363636363636,
    "support": 36.0
  },
  "sadly angry": {
    "precision": 0.625,
    "recall": 0.6818181818181818,
    "f1-score": 0.6521739130434783,
    "support": 44.0
  },
  "sadly surprised": {
    "precision": 0.4186046511627907,
    "recall": 0.72,
    "f1-score": 0.5294117647058824,
    "support": 25.0
  },
  "sadly disgusted": {
    "precision": 0.9241379310344827,
    "recall": 0.7528089887640449,
    "f1-score": 0.8297213622291022,
    "support": 178.0
  },
  "fearfully angry": {
    "precision": 0.6595744680851063,
    "recall": 0.7209302325581395,
    "f1-score": 0.6888888888888889,
    "support": 43.0
  },
  "fearfully surprised": {
    "precision": 0.8172043010752689,
    "recall": 0.672566371681416,
    "f1-score": 0.7378640776699029,
    "support": 113.0
  },
  "fearfully disgusted": {
    "precision": 0.23809523809523808,
    "recall": 0.8333333333333334,
    "f1-score": 0.37037037037037035,
    "support": 6.0
  },
  "angrily surprised": {
    "precision": 0.64,
    "recall": 0.7272727272727273,
    "f1-score": 0.6808510638297872,
    "support": 44.0
  },
  "angrily disgusted": {
    "precision": 0.9177215189873418,
    "recall": 0.7474226804123711,
    "f1-score": 0.8238636363636364,
    "support": 194.0
  },
  "disgustedly surprised": {
    "precision": 0.6122448979591837,
    "recall": 0.8108108108108109,
    "f1-score": 0.6976744186046512,
    "support": 37.0
  },
  "happily fearful": {
    "precision": 0.05555555555555555,
    "recall": 1.0,
    "f1-score": 0.10526315789473684,
    "support": 1.0
  },
  "happily sad": {
    "precision": 0.2,
    "recall": 0.625,
    "f1-score": 0.30303030303030304,
    "support": 8.0
  },
  "accuracy": 0.7293729372937293,
  "macro avg": {
    "precision": 0.5852017054743059,
    "recall": 0.7461946593866379,
    "f1-score": 0.6080851861282238,
    "support": 909.0
  },
  "weighted avg": {
    "precision": 0.791201539564482,
    "recall": 0.7293729372937293,
    "f1-score": 0.7500060446032302,
    "support": 909.0
  }
}