{
  "accuracy": 0.44554455445544555,
  "f1_score": 0.29088427301394587,
  "precision": 0.3093624540769455,
  "recall": 0.2856732388237792
}