{
  "accuracy": 0.47634763476347636,
  "f1_score": 0.30602074964205084,
  "precision": 0.31395168048815486,
  "recall": 0.3034701845257934
}